Workbook

Sheet Instructions
A1: Fragrance retrieval relevance study | B1: Grade each of the 50 rows in the Grade sheet.
A2: What is being judged? | B2: Whether this retrieved material's odor suits the shown brand aesthetic. Do not judge the finished fragrance.
A3: Grade 0 | B3: Odor clearly conflicts with the brand aesthetic.
A4: Grade 1 | B4: Plausible but generic or weakly connected.
A5: Grade 2 | B5: Specific and credible fit to the brand aesthetic.
A6: What to fill | B6: Enter 0, 1, or 2 in the yellow grade column. Add a short reason, especially for 0 and 2.
A7: Do not edit | B7: Keep case, material, odor, and hidden hit ID unchanged. Rows are shuffled and rank is not shown.
A8: Before returning | B8: The Checks sheet should show 50 graded, 0 missing, and 0 invalid.
A9: Assessor | B9: Steven
A10: Date | B10: 46291

Sheet Grade
A1: hit_id | B1: case_id | C1: brand_item | D1: mood | E1: narrative | F1: ingredient | G1: odor_descriptors | H1: relevance_0_1_2 | I1: reason | J1: status
A2: C01-a10f28a5 | B2: C01 | C2: gaming laptop | D2: aggressive; high-performance; tech-forward; intense | E2: The gaming laptop exudes an aggressive and high-performance aura, with its matte black and vibrant red accents. Its cool color temperature and sleek metallic textures suggest a tech-forward and intense experience, capturing the essence of digital adrenaline. | F2: menthone-8-thioacetate | G2: currant bud black currant bud; herbal; fruity; catty; buchu like note; catty ribes note | H2: 1 | I2: for something that is cool and modern, I don’t think fruit suits best, but I can see the vision where it is going | J2: =IF(H2="","MISSING",IF(OR(H2=0,H2=1,H2=2,H2="0",H2="1",H2="2"),"OK","INVALID")) -> OK
A3: C01-ea7ed5a3 | B3: C01 | C3: gaming laptop | D3: aggressive; high-performance; tech-forward; intense | E3: The gaming laptop exudes an aggressive and high-performance aura, with its matte black and vibrant red accents. Its cool color temperature and sleek metallic textures suggest a tech-forward and intense experience, capturing the essence of digital adrenaline. | F3: 4-methyl-3-sulfanylpentan-2-one | G3: currant black currant; berry; fruity; blackcurrant | H3: 1 | I3: blackcurrant does not really suit something that is techy | J3: =IF(H3="","MISSING",IF(OR(H3=0,H3=1,H3=2,H3="0",H3="1",H3="2"),"OK","INVALID")) -> OK
A4: C01-9f846b0f | B4: C01 | C4: gaming laptop | D4: aggressive; high-performance; tech-forward; intense | E4: The gaming laptop exudes an aggressive and high-performance aura, with its matte black and vibrant red accents. Its cool color temperature and sleek metallic textures suggest a tech-forward and intense experience, capturing the essence of digital adrenaline. | F4: isospirene | G4: fruity; currant black currant; berry | H4: 1 | I4: blackcurrant does not really suit something that is techy | J4: =IF(H4="","MISSING",IF(OR(H4=0,H4=1,H4=2,H4="0",H4="1",H4="2"),"OK","INVALID")) -> OK
A5: C01-3de58e13 | B5: C01 | C5: gaming laptop | D5: aggressive; high-performance; tech-forward; intense | E5: The gaming laptop exudes an aggressive and high-performance aura, with its matte black and vibrant red accents. Its cool color temperature and sleek metallic textures suggest a tech-forward and intense experience, capturing the essence of digital adrenaline. | F5: delta-damascone | G5: sweet; currant bud black currant bud; natural; petal; floral; rose; fruity; black currant; rosy; fruity (black currant) odor (see comments) | H5: 2 | I5: this is okay, because when adding with rose, I can see the vision of the complex aroma and not only something sweet, but something refreshing. Approved. | J5: =IF(H5="","MISSING",IF(OR(H5=0,H5=1,H5=2,H5="0",H5="1",H5="2"),"OK","INVALID")) -> OK
A6: C01-86d3b622 | B6: C01 | C6: gaming laptop | D6: aggressive; high-performance; tech-forward; intense | E6: The gaming laptop exudes an aggressive and high-performance aura, with its matte black and vibrant red accents. Its cool color temperature and sleek metallic textures suggest a tech-forward and intense experience, capturing the essence of digital adrenaline. | F6: etaspirene | G6: fruity; currant black currant; berry; blackcurrant; green | H6: 1 | I6: blackcurrant does not really suit something that is techy | J6: =IF(H6="","MISSING",IF(OR(H6=0,H6=1,H6=2,H6="0",H6="1",H6="2"),"OK","INVALID")) -> OK
A7: C01-48631abe | B7: C01 | C7: gaming laptop | D7: aggressive; high-performance; tech-forward; intense | E7: The gaming laptop exudes an aggressive and high-performance aura, with its matte black and vibrant red accents. Its cool color temperature and sleek metallic textures suggest a tech-forward and intense experience, capturing the essence of digital adrenaline. | F7: 3-mercaptoheptan-4-one | G7: currant bud black currant bud; herbal; buchu; green; grapefruit | H7: 1 | I7: too sweet | J7: =IF(H7="","MISSING",IF(OR(H7=0,H7=1,H7=2,H7="0",H7="1",H7="2"),"OK","INVALID")) -> OK
A8: C01-6f69883f | B8: C01 | C8: gaming laptop | D8: aggressive; high-performance; tech-forward; intense | E8: The gaming laptop exudes an aggressive and high-performance aura, with its matte black and vibrant red accents. Its cool color temperature and sleek metallic textures suggest a tech-forward and intense experience, capturing the essence of digital adrenaline. | F8: alpha-damascone | G8: sweet; berry; floral; rose; fruity; apple; green; woody; currant black currant; black currant; plum; mint; odour of rose; blackurrant and mint with a rich plum undertone | H8: 2 | I8: the complex aroma can be envisioned | J8: =IF(H8="","MISSING",IF(OR(H8=0,H8=1,H8=2,H8="0",H8="1",H8="2"),"OK","INVALID")) -> OK
A9: C01-f8cb3f62 | B9: C01 | C9: gaming laptop | D9: aggressive; high-performance; tech-forward; intense | E9: The gaming laptop exudes an aggressive and high-performance aura, with its matte black and vibrant red accents. Its cool color temperature and sleek metallic textures suggest a tech-forward and intense experience, capturing the essence of digital adrenaline. | F9: p-mentha-8-thiol-3-one | G9: sulfurous; berry; buchu; fruity; tropical; raspberry; green; minty; peach; catty; "catty" aroma; dull fruity black currant flavor | H9: 1 | I9: too sweet and cold flavor. | J9: =IF(H9="","MISSING",IF(OR(H9=0,H9=1,H9=2,H9="0",H9="1",H9="2"),"OK","INVALID")) -> OK
A10: C01-d2836371 | B10: C01 | C10: gaming laptop | D10: aggressive; high-performance; tech-forward; intense | E10: The gaming laptop exudes an aggressive and high-performance aura, with its matte black and vibrant red accents. Its cool color temperature and sleek metallic textures suggest a tech-forward and intense experience, capturing the essence of digital adrenaline. | F10: labienoxime | G10: currant bud black currant bud; floral; herbal; rose; green; grapefruit; sage | H10: 2 | I10: okay | J10: =IF(H10="","MISSING",IF(OR(H10=0,H10=1,H10=2,H10="0",H10="1",H10="2"),"OK","INVALID")) -> OK
A11: C01-ec6d6023 | B11: C01 | C11: gaming laptop | D11: aggressive; high-performance; tech-forward; intense | E11: The gaming laptop exudes an aggressive and high-performance aura, with its matte black and vibrant red accents. Its cool color temperature and sleek metallic textures suggest a tech-forward and intense experience, capturing the essence of digital adrenaline. | F11: 2,2,4,4,6,6-hexamethyl-1,3,5-trithiane | G11: currant bud black currant bud; meaty; sulfurous; blackberry; catty; fruity; tropical; cooling; burnt; green; earthy; grapefruit; chicken; sulfuraceous odor; buchu; tropical & meat and poultry like; blackcurrant | H11: 1 | I11: interesting combination of aroma, but meaty flavor, I don't think it suits well, but can see where its going. | J11: =IF(H11="","MISSING",IF(OR(H11=0,H11=1,H11=2,H11="0",H11="1",H11="2"),"OK","INVALID")) -> OK
A12: C02-17653c27 | B12: C02 | C12: batik shirt | D12: elegant; confident; cultured; refined | E12: The batik shirt exudes a sense of refined elegance and cultured confidence, with its deep navy blue and gold metallic hues. The smooth fabric and embroidered patterns create a sophisticated texture, set against a minimalist backdrop that enhances its timeless appeal. | F12: (2-isopropoxyethyl)benzene | G12: metallic; spicy; foliage; rose; plastic; watercress; green | H12: 2 | I12: for batik shirt its quite simple, as long as it contains flowery aroma smell, it is okay. | J12: =IF(H12="","MISSING",IF(OR(H12=0,H12=1,H12=2,H12="0",H12="1",H12="2"),"OK","INVALID")) -> OK
A13: C02-616b175d | B13: C02 | C13: batik shirt | D13: elegant; confident; cultured; refined | E13: The batik shirt exudes a sense of refined elegance and cultured confidence, with its deep navy blue and gold metallic hues. The smooth fabric and embroidered patterns create a sophisticated texture, set against a minimalist backdrop that enhances its timeless appeal. | F13: 1-hexen-3-one | G13: vegetable; cooked; metallic; green; green metallic; plastic; cooked artichoke | H13: 0 | I13: no plastic smell. | J13: =IF(H13="","MISSING",IF(OR(H13=0,H13=1,H13=2,H13="0",H13="1",H13="2"),"OK","INVALID")) -> OK
... A51: C05-a70de7ad | B51: C05 | C51: gold floral brooch | D51: elegant; artisanal; timeless luxury | E51: The gold floral brooch exudes an air of timeless luxury with its brushed gold and pearl white hues. Its elegant design and artisanal craftsmanship create a sense of whispered elegance, capturing the essence of sunlit opulence. | F51: dihydrofarnesol | G51: floral; metallic; cyclamen | H51: 2 | I51: approved | J51: =IF(H51="","MISSING",IF(OR(H51=0,H51=1,H51=2,H51="0",H51="1",H51="2"),"OK","INVALID")) -> OK

Sheet Checks
A1: Check | B1: Value | C1: Expected
A2: Rows | B2: =COUNTA(Grade!A2:A51) -> 50 | C2: 50
A3: Graded | B3: =COUNTIF(Grade!J2:J51,"OK") -> 50 | C3: 50
A4: Missing | B4: =COUNTIF(Grade!J2:J51,"MISSING") -> 0 | C4: 0
A5: Invalid | B5: =COUNTIF(Grade!J2:J51,"INVALID") -> 0 | C5: 0
A6: C01 rows | B6: =COUNTIF(Grade!B2:B51,"C01") -> 10 | C6: 10
A7: C02 rows | B7: =COUNTIF(Grade!B2:B51,"C02") -> 10 | C7: 10
A8: C03 rows | B8: =COUNTIF(Grade!B2:B51,"C03") -> 10 | C8: 10
A9: C04 rows | B9: =COUNTIF(Grade!B2:B51,"C04") -> 10 | C9: 10
A10: C05 rows | B10: =COUNTIF(Grade!B2:B51,"C05") -> 10 | C10: 10

Sheet Provenance
A1: hit_id | B1: case_id | C1: execution_id | D1: query | E1: rank | F1: ingredient | G1: display_name | H1: odor_descriptors | I1: sources | J1: cid
A2: C01-3de58e13 | B2: C01 | C2: Axioo_Pongo_001 | D2: gaming laptop aggressive high-performance tech-forward intense matte glossy sleek metallic diagonal product showcase dual perspective matte black vibrant red dark charcoal glowing red backlight electric pulse digital adrenaline intense powerful rich deep dramatic cool the gaming laptop exudes an aggressive and high-performance aura, with its matte black and vibrant red accents. its cool color temperature and sleek metallic textures suggest a tech-forward and intense experience, capturing the essence of digital adrenaline. | E2: 1 | F2: delta-damascone | G2: delta-damascone | H2: sweet; currant bud black currant bud; natural; petal; floral; rose; fruity; black currant; rosy; fruity (black currant) odor (see comments) | I2: goodscents; leffingwell | J2: 5365916
A3: C01-d2836371 | B3: C01 | C3: Axioo_Pongo_001 | D3: gaming laptop aggressive high-performance tech-forward intense matte glossy sleek metallic diagonal product showcase dual perspective matte black vibrant red dark charcoal glowing red backlight electric pulse digital adrenaline intense powerful rich deep dramatic cool the gaming laptop exudes an aggressive and high-performance aura, with its matte black and vibrant red accents. its cool color temperature and sleek metallic textures suggest a tech-forward and intense experience, capturing the essence of digital adrenaline. | E3: 2 | F3: labienoxime | G3: labienoxime | H3: currant bud black currant bud; floral; herbal; rose; green; grapefruit; sage | I3: goodscents | J3: 6432934
A4: C01-86d3b622 | B4: C01 | C4: Axioo_Pongo_001 | D4: gaming laptop aggressive high-performance tech-forward intense matte glossy sleek metallic diagonal product showcase dual perspective matte black vibrant red dark charcoal glowing red backlight electric pulse digital adrenaline intense powerful rich deep dramatic cool the gaming laptop exudes an aggressive and high-performance aura, with its matte black and vibrant red accents. its cool color temperature and sleek metallic textures suggest a tech-forward and intense experience, capturing the essence of digital adrenaline. | E4: 3 | F4: etaspirene | G4: etaspirene | H4: fruity; currant black currant; berry; blackcurrant; green | I4: goodscents; ifra_2019 | J4: 22219099
A5: C01-9f846b0f | B5: C01 | C5: Axioo_Pongo_001 | D5: gaming laptop aggressive high-performance tech-forward intense matte glossy sleek metallic diagonal product showcase dual perspective matte black vibrant red dark charcoal glowing red backlight electric pulse digital adrenaline intense powerful rich deep dramatic cool the gaming laptop exudes an aggressive and high-performance aura, with its matte black and vibrant red accents. its cool color temperature and sleek metallic textures suggest a tech-forward and intense experience, capturing the essence of digital adrenaline. | E5: 4 | F5: isospirene | G5: isospirene | H5: fruity; currant black currant; berry | I5: goodscents | J5: 116740
A6: C01-a10f28a5 | B6: C01 | C6: Axioo_Pongo_001 | D6: gaming laptop aggressive high-performance tech-forward intense matte glossy sleek metallic diagonal product showcase dual perspective matte black vibrant red dark charcoal glowing red backlight electric pulse digital adrenaline intense powerful rich deep dramatic cool the gaming laptop exudes an aggressive and high-performance aura, with its matte black and vibrant red accents. its cool color temperature and sleek metallic textures suggest a tech-forward and intense experience, capturing the essence of digital adrenaline. | E6: 5 | F6: menthone-8-thioacetate | G6: menthone-8-thioacetate | H6: currant bud black currant bud; herbal; fruity; catty; buchu like note; catty ribes note | I6: goodscents; leffingwell | J6: 175606
A7: C01-48631abe | B7: C01 | C7: Axioo_Pongo_001 | D7: gaming laptop aggressive high-performance tech-forward intense matte glossy sleek metallic diagonal product showcase dual perspective matte black vibrant red dark charcoal glowing red backlight electric pulse digital adrenaline intense powerful rich deep dramatic cool the gaming laptop exudes an aggressive and high-performance aura, with its matte black and vibrant red accents. its cool color temperature and sleek metallic textures suggest a tech-forward and intense experience, capturing the essence of digital adrenaline. | E7: 6 | F7: 3-mercaptoheptan-4-one | G7: 3-mercaptoheptan-4-one | H7: currant bud black currant bud; herbal; buchu; green; grapefruit | I7: goodscents | J7: 3017418
A8: C01-6f69883f | B8: C01 | C8: Axioo_Pongo_001 | D8: gaming laptop aggressive high-performance tech-forward intense matte glossy sleek metallic diagonal product showcase dual perspective matte black vibrant red dark charcoal glowing red backlight electric pulse digital adrenaline intense powerful rich deep dramatic cool the gaming laptop exudes an aggressive and high-performance aura, with its matte black and vibrant red accents. its cool color temperature and sleek metallic textures suggest a tech-forward and intense experience, capturing the essence of digital adrenaline. | E8: 7 | F8: alpha-damascone | G8: alpha-damascone | H8: sweet; berry; floral; rose; fruity; apple; green; woody; currant black currant; black currant; plum; mint; odour of rose; blackurrant and mint with a rich plum undertone | I8: goodscents; leffingwell; ifra_2019 | J8: 5366077
A9: C01-ec6d6023 | B9: C01 | C9: Axioo_Pongo_001 | D9: gaming laptop aggressive high-performance tech-forward intense matte glossy sleek metallic diagonal product showcase dual perspective matte black vibrant red dark charcoal glowing red backlight electric pulse digital adrenaline intense powerful rich deep dramatic cool the gaming laptop exudes an aggressive and high-performance aura, with its matte black and vibrant red accents. its cool color temperature and sleek metallic textures suggest a tech-forward and intense experience, capturing the essence of digital adrenaline. | E9: 8 | F9: 2,2,4,4,6,6-hexamethyl-1,3,5-trithiane | G9: 2,2,4,4,6,6-hexamethyl-1,3,5-trithiane | H9: currant bud black currant bud; meaty; sulfurous; blackberry; catty; fruity; tropical; cooling; burnt; green; earthy; grapefruit; chicken; sulfuraceous odor; buchu; tropical & meat and poultry like; blackcurrant | I9: goodscents; leffingwell; ifra_2019 | J9: 13233
A10: C01-f8cb3f62 | B10: C01 | C10: Axioo_Pongo_001 | D10: gaming laptop aggressive high-performance tech-forward intense matte glossy sleek metallic diagonal product showcase dual perspective matte black vibrant red dark charcoal glowing red backlight electric pulse digital adrenaline intense powerful rich deep dramatic cool the gaming laptop exudes an aggressive and high-performance aura, with its matte black and vibrant red accents. its cool color temperature and sleek metallic textures suggest a tech-forward and intense experience, capturing the essence of digital adrenaline. | E10: 9 | F10: p-mentha-8-thiol-3-one | G10: p-mentha-8-thiol-3-one | H10: sulfurous; berry; buchu; fruity; tropical; raspberry; green; minty; peach; catty; "catty" aroma; dull fruity black currant flavor | I10: goodscents; leffingwell | J10: 61982
A11: C01-ea7ed5a3 | B11: C01 | C11: Axioo_Pongo_001 | D11: gaming laptop aggressive high-performance tech-forward intense matte glossy sleek metallic diagonal product showcase dual perspective matte black vibrant red dark charcoal glowing red backlight electric pulse digital adrenaline intense powerful rich deep dramatic cool the gaming laptop exudes an aggressive and high-performance aura, with its matte black and vibrant red accents. its cool color temperature and sleek metallic textures suggest a tech-forward and intense experience, capturing the essence of digital adrenaline. | E11: 10 | F11: 4-methyl-3-sulfanylpentan-2-one | G11: 4-methyl-3-sulfanylpentan-2-one | H11: currant black currant; berry; fruity; blackcurrant | I11: goodscents; ifra_2019 | J11: 19802217
A12: C02-b1d15156 | B12: C02 | C12: BatikKeris_001 | D12: batik shirt elegant confident cultured refined embroidered pattern smooth fabric structured weave three-quarter portrait minimalist backdrop deep navy blue gold metallic cream ivory dark charcoal woven elegance golden dusk balanced rounded warm comfortable neutral the batik shirt exudes a sense of refined elegance and cultured confidence, with its deep navy blue and gold metallic hues. the smooth fabric and embroidered patterns create a sophisticated texture, set against a minimalist backdrop that enhances its timeless appeal. | E12: 1 | F12: dihydrofarnesol | G12: dihydrofarnesol | H12: floral; metallic; cyclamen | I12: goodscents | J12: 5280341
... A51: C05-11281eb7 | B51: C05 | C51: Tulola_Jewellery_001 | D51: gold floral brooch elegant artisanal timeless luxury gilded metal smooth pearl rough stone wood grain close-up still life shallow depth of field brushed gold pearl white warm metallic sheen sunlit opulence whispered elegance gentle calm smooth quiet intimate warm the gold floral brooch exudes an air of timeless luxury with its brushed gold and pearl white hues. its elegant design and artisanal craftsmanship create a sense of whispered elegance, capturing the essence of sunlit opulence. | E51: 10 | F51: (?)-hydroxycitronellal | G51: (?)-hydroxycitronellal | H51: floral | I51: goodscents | J51: 1715134
A53: study_metadata_json | B53: {"cases": 5, "catalog_sha256": "31e80027397d8182b9eac9d3483589aece8682a42e9dfd10bb0281d8990d6633", "hits": 50, "label_scale": {"0": "odor clearly conflicts with the brand aesthetic", "1": "plausible but generic or weakly connected", "2": "specific and credible fit to the brand aesthetic"}, "retriever": "lsa_knn", "top_k": 10, "unit": "retrieved ingredient, not a finished fragrance"}

Sheet Results
A1: case_id | B1: precision_at_5 | C1: strong_fit_at_5 | D1: precision_at_10 | E1: strong_fit_at_10
A2: C01 | B2: 1 | C2: 0.4 | D2: 1 | E2: 0.3
A3: C02 | B3: 0.2 | C3: 0.2 | D3: 0.5 | E3: 0.3
A4: C03 | B4: 1 | C4: 0.4 | D4: 1 | E4: 0.7
A5: C04 | B5: 1 | C5: 0.2 | D5: 1 | E5: 0.4
A6: C05 | B6: 1 | C6: 0.8 | D6: 1 | E6: 0.9
A8: Macro mean | B8: 0.84 | C8: 0.4 | D8: 0.9 | E8: 0.52
